id,cnes,name,parent_id,oss_id,type
1,3297519,SMS GABINETE,,,SMS
2,3446905,COORD REGIONAL DE SAUDE OESTE,1,,CTS
3,3446840,COORD REGIONAL DE SAUDE NORTE,1,,CTS
4,3446867,COORD REGIONAL DE SAUDE SUL,1,,CTS
5,3446875,COORD REGIONAL DE SAUDE LESTE,1,,CTS
6,3446913,COORD REGIONAL DE SAUDE SUDESTE,1,,CTS
7,3335402,COORD REGIONAL DE SAUDE CENTRO,1,,CTS
8,3317102,STS CAMPO LIMPO,4,,STS
9,3317145,STS CAPELA DO SOCORRO,4,,STS
10,3317129,STS M BOI MIRIM,4,,STS
11,3317153,STS PARELHEIROS,4,,STS
12,3317110,STS SANTO AMARO/CIDADE ADEMAR,4,,STS
13,3318206,STS ARICANDUVA/MOOCA/FORMOSA/CARRAO,6,,STS
14,3335208,STS IPIRANGA,6,,STS
15,3335275,STS PENHA,6,,STS
16,3335437,STS VILA MARIANA/JABAQUARA,6,,STS
17,3335445,STS VILA PRUDENTE/SAPOPEMBA,6,,STS
18,3335127,STS CASA VERDE/CACHOEIRINHA,3,,STS
19,3335178,STS FREGUESIA/BRASILANDIA,3,,STS
20,3335291,STS PERUS,3,,STS
21,3335364,STS PIRITUBA,3,,STS
22,3335356,STS SANTANA/TUCUR/JACANA/TREMEMB,3,,STS
23,3335410,STS VILA MARIA/VILA GUILHERME,3,,STS
24,3335143,STS CIDADE TIRADENTES,5,,STS
25,3335151,STS ERMELINO MATARAZZO,5,,STS
26,3335186,STS GUAIANASES,5,,STS
27,3335216,STS ITAIM PAULISTA,5,,STS
28,3335224,STS ITAQUERA,5,,STS
29,3335380,STS SAO MATEUS,5,,STS
30,3335399,STS SAO MIGUEL,5,,STS
31,9357459,STS SANTA CECILIA,7,,STS
32,9357440,STS SE,7,,STS
33,3335070,STS BUTANTA,2,,STS
34,3335259,STS LAPA/PINHEIROS,2,,STS
35,5713870,AMA BORACEA - DR LUIZ BACCALA,31,1,AMA_12h
36,4050320,PS MUN BARRA FUNDA - ALVARO DINO DE ALMEIDA,31,1,PSM
37,2029618,UBS BOM RETIRO - OCTAVIO AUGUSTO RODOVALHO,31,1,UBS
38,6090621,UBS REPUBLICA - FERNANDA SANTE LIMEIRA,32,1,UBS
39,5975220,UBS SE,32,1,UBS
40,2786834,UBS CAMBUCI,32,1,UBS
41,2787113,UBS HUMAITA - DR JOAO DE AZEVEDO LAGE,32,1,UBS
42,2788144,UBS NOSSA SENHORA DO BRASIL - DR ARMANDO D ARIENZO,32,1,UBS
43,6048633,UBS BORACEA,31,1,UBS
44,2960303,CAPS AD III BORACEA,31,1,CAPS AD
45,5636469,AMA SE,32,1,AMA_24h
46,6138314,AMA ESPECIALIDADES SANTA CECILIA,31,1,AMA E
47,6964028,AMA COMPLEXO PRATES,31,1,AMA_12h
48,102075,HOSPITAL MUNICIPAL BELA VISTA,32,1,HOSP MUNICIPAL
49,2752336,UBS SANTA CECILIA - DR. HUMBERTO PASCALLI,31,1,UBS
50,2786532,SIAT II GLICERIO,32,1,SIAT II
51,9363165,SIAT II ARMENIA,32,1,SIAT II
52,2960281,CAPS AD III ARMENIA,32,1,SIAT II
53,9363165,CAPS AD IV REDENCAO,32,1,CAPS AD
54,7407610,CER III SE,32,1,CER
55,2786532,CAPS AD III CENTRO,32,1,CAPS AD
56,6127967,CAPS INFANTOJUVENIL SE AMORZEIRA,32,1,CAPS IJ
57,7111568,CAPS ADULTO II SE,32,1,CAPS ADULTO
58,6964036,CAPS AD III COMPLEXO PRATES,31,1,CAPS AD
59,958433,UPA VERGUEIRO,32,1,UPA
60,7019076,HOSPITAL DIA DA REDE HORA CERTA BRASILANDIA FO,19,2,HOSPITAL DIA
61,2788063,UBS DR. MANOEL JOAQUIM PERA,34,2,UBS
62,2789019,UBS VILA JAGUARA,34,2,UBS
63,2789116,AMA/UBS INTEGRADA VILA NOVA JAGUARE,34,2,UBS
64,2789175,AMA/UBS INTEGRADA VILA PIAUI,34,2,UBS
65,4049977,UBS CRUZ DAS ALMAS,19,2,UBS
66,6879810,UBS NOVA ESPERANCA,19,2,UBS
67,2788756,AMA/UBS INTEGRADA VILA BARBOSA,18,2,UBS
68,2786869,UBS CASA VERDE ALTA,18,2,UBS
69,6974511,UBS VILA DIONISIA II,18,2,UBS
70,2788632,UBS VILA SANTA MARIA,18,2,UBS
71,2788586,UBS JARDIM CAROMBE - SILMARYA REJANE MARCOLINO SOUZA,19,2,UBS
72,2787415,UBS JARDIM GUARANI,19,2,UBS
73,2027062,UBS VILA RAMOS FREGUESIA DO O,19,2,UBS
74,2788837,UBS VILA DIONISIA,18,2,UBS
75,2788853,UBS VILA ESPANHOLA,18,2,UBS
76,3503488,UBS ALTO DE PINHEIROS,34,2,UBS
77,2789248,UBS VILA ROMANA,34,2,UBS
78,2787938,UBS JARDIM VERA CRUZ - PERDIZES,34,2,UBS
79,2788985,UBS VILA IPOJUCA-DRA WANDA COELHO DE MORAES,34,2,UBS
80,2752301,UBS DR JOSE DE BARROS MAGALDI,34,2,UBS
81,9129855,UBS SHANGRILA/ELLUS,9,2,UBS
82,2789299,UBS VARGINHA,9,2,UBS
83,6998186,UBS VILA NATAL,9,2,UBS
84,2787628,AMA/UBS JARDIM MIRNA,9,2,UBS
85,6822991,UBS JARDIM NOVO HORIZONTE,9,2,UBS
86,2788403,UBS PARQUE RESIDENCIAL COCAIA INDEPENDENTE,9,2,UBS
87,3689247,UBS JARDIM IPORA,11,2,UBS
88,2787229,UBS JARDIM CAMPINAS,11,2,UBS
89,2027321,UBS RECANTO CAMPO BELO,11,2,UBS
90,2789280,UBS VARGEM GRANDE,11,2,UBS
91,2788594,AMA/UBS INTEGRADA MASSAGISTA MARIO AMERICO,18,2,UBS
92,5882281,AMA/UBS INTEGRADA JARDIM ELISA MARIA,19,2,UBS
93,2786818,UBS BRASILANDIA,19,2,UBS
94,2788683,UBS VILA ANGLO BRASILEIRA - DR. JOSE SERRA RIBEIRO,34,2,UBS
95,7302541,UBS JARDIM EDITE,34,2,UBS
96,9788409,UBS ANCHIETA,9,2,UBS
97,7884192,UBS CANTINHO DO CEU,9,2,UBS
98,3992101,UBS CHACARA DO CONDE,9,2,UBS
99,2787067,UBS GAIVOTAS,9,2,UBS
100,9059369,UBS JARDIM ORION/GUANHEMBU,9,2,UBS
101,4050150,UBS PARELHEIROS,11,2,UBS
102,6998194,HOSP MUNICIPAL SOROCABANA,34,2,HOSP MUNICIPAL
103,2787318,UBS JARDIM COMERCIAL,8,3,UBS
104,6200389,AMA ESPECIALIDADES JARDIM SAO LUIZ,10,3,AMA E
105,3049213,UBS CHACARA SANTA MARIA,10,3,UBS
106,5743583,UBS CIDADE IPAVA,10,3,UBS
107,2787105,UBS HORIZONTE AZUL,10,3,UBS
108,2787199,UBS JARDIM ARACATI,10,3,UBS
109,2086743,UBS JARDIM CAICARA,10,3,UBS
110,2787288,UBS JARDIM COIMBRA,10,3,UBS
111,2787423,UBS JARDIM GUARUJA,10,3,UBS
112,2787458,UBS JARDIM HERCULANO,10,3,UBS
113,2787644,UBS JARDIM NAKAMURA,10,3,UBS
114,3002543,UBS JARDIM PARANAPANEMA,10,3,UBS
115,2825767,UBS JARDIM SANTA MARGARIDA,10,3,UBS
116,4050223,UBS PARQUE DO LAGO,10,3,UBS
117,2788616,UBS SANTA LUCIA,10,3,UBS
118,2086816,UBS VERA CRUZ DR FERNANDO PROENCA DE GOUVEA,10,3,UBS
119,3762831,UBS VILA CALU,10,3,UBS
120,6380417,UBS JARDIM VALQUIRIA,8,3,UBS
121,3614948,UBS LUAR DO SERTAO,8,3,UBS
122,5620341,UBS JARDIM MAGDALENA,8,3,UBS
123,6365817,UBS JARDIM ELEDY,8,3,UBS
124,4049918,PA MUN JARDIM MACEDONIA,8,3,PA
125,6195008,UBS JARDIM MACEDONIA,8,3,UBS
126,2787768,UBS JARDIM SAO BENTO,8,3,UBS
127,2788322,AMA/UBS PARQUE FERNANDA,8,3,UBS
128,2787563,UBS JARDIM LIDIA,8,3,UBS
129,6218830,AMA CAPAO REDONDO,8,3,AMA_24h
130,2788314,UBS PARQUE DO ENGENHO II,8,3,UBS
131,6194974,AMA ESPECIALIDADES CAPAO REDONDO,8,3,AMA E
132,6998178,UNIDADE DE INTERNACAO DE COVID HOSPITAL DIA CAMPO LIMPO,8,3,HOSPITAL DIA
133,2787393,UBS JARDIM GERMANIA,8,3,UBS
134,2028816,CAPS II ADULTO-J LIDIA,8,3,CAPS ADULTO
135,2786737,UBS ALTO DA RIVIERA,10,3,UBS
136,5695813,UBS JARDIM MARACA,8,3,UBS
137,2787245,AMA/UBS JARDIM CAPELA,10,3,UBS
138,2788365,AMA/UBS PARQUE NOVO SANTO AMARO,10,3,UBS
139,9144161,CEO II VERA CRUZ,10,3,CEO
140,2786540,CAPS AD III JARDIM ANGELA,10,3,CAPS AD
141,6970532,CAPS INFANTO JUVENIL II M BOI MIRIM,10,3,CAPS IJ
142,6657141,CENTRO DE REABILITACAO M BOI MIRIM IV/CER IV M BOI MIRIM,10,3,CER
143,2091658,UNIDADE DE INTERNACAO DE COVID HOSPITAL DIA M BOI MIRIM I,10,3,HOSPITAL DIA
144,7378394,UNIDADE DE INTERNACAO DE COVID HOSPITAL DIA M BOI MIRIM II,10,3,HOSPITAL DIA
145,3474674,UPA JARDIM ANGELA,10,3,UPA
146,9505946,UPA VERA CRUZ,10,3,UPA
147,5718368,HOSPITAL MUNICIPAL DR. MOYSES DEUTSCH - M BOI MIRIM,10,4,HOSP MUNICIPAL
148,6728626,AMA PARAISOPOLIS,8,5,AMA_24h
149,6131670,AMA JARDIM PIRAJUSSARA,8,5,AMA_12h
150,6039111,UBS JARDIM HELGA,8,5,UBS
151,9882170,AMA ESPECIALIDADES PEDIATRICAS CAMPO LIMPO,8,5,AMA E
152,2788381,UBS PARQUE REGINA - PERINA ALVES TEIXEIRA,8,5,UBS
153,2789205,AMA/UBS VILA PREL ANTONIO BERNARDES DE OLIVEIRA,8,5,UBS
154,2786745,UBS ALTO DO UMUARAMA,8,5,UBS
155,2786842,UBS CAMPO LIMPO,8,5,UBS
156,2774763,UBS CAMPO LIMPO - FRANCISCO SCALAMANDRE SOBRINHO - ARRASTAO,8,5,UBS
157,6329527,UBS JARDIM DAS PALMAS,8,5,UBS
158,2787636,UBS JARDIM MITSUTANI,8,5,UBS
159,3956946,UBS JARDIM OLINDA,8,5,UBS
160,2788187,UBS PARAISOPOLIS,8,5,UBS
161,3956954,UBS PARAISOPOLIS II,8,5,UBS
162,6564410,UBS PARAISOPOLIS III,8,5,UBS
163,2788268,UBS PARQUE ARARIBA,8,5,UBS
164,2789191,UBS VILA PRAIA- DR. VITORIO ROLANDO BOCCALETTI,8,5,UBS
165,7979355,CEO II SAO MATEUS,29,6,CEO
166,6391869,HOSP DIA DA RHC SAO MATEUS - DR HENRIQUE C GONCALVES,29,6,HOSPITAL DIA
167,2788527,AMA/UBS INTEGRADA JARDIM SAO FRANCISCO II,29,6,UBS
168,3219771,UBS JARDIM DA CONQUISTA II,29,6,UBS
169,2787881,AMA/UBS INTEGRADA JARDIM TIETE I,29,6,UBS
170,3738647,AMA/UBS INTEGRADA JARDIM DA CONQUISTA III,29,6,UBS
171,2027011,UBS JARDIM CARRAOZINHO,29,6,UBS
172,2788489,UBS RECANTO VERDE DO SOL,29,6,UBS
173,2788934,UBS CICERO SERGIO CAVALCANTE (VILA GUACURI),12,7,UBS
174,2786893,UBS CIDADE JULIA,12,7,UBS
175,7128940,UBS JARDIM MIRIAM II,12,7,UBS
176,2787652,UBS JARDIM NITEROI,12,7,UBS
177,7357761,UBS JARDIM NOVO PANTANAL - PEDREIRA,12,7,UBS
178,6683991,UBS JARDIM SELMA - CIDADE ADEMAR,12,7,UBS
179,2787180,UBS JD APURA,12,7,UBS
180,3074544,UBS JD SAO CARLOS - CIDADE ADEMAR,12,7,UBS
181,2788039,UBS LARANJEIRAS,12,7,UBS
182,2766000,UBS MAR PAULISTA,12,7,UBS
183,2788098,UBS MATA VIRGEM,12,7,UBS
184,3996115,UBS SAO JORGE - CIDADE ADEMAR,12,7,UBS
185,2788705,UBS V APARECIDA,12,7,UBS
186,2751828,AMA/UBS VILA JOANIZA - JOAO YUNES,12,7,UBS
187,2788977,UBS VILA IMPERIO - DRA GILDA TERA TAHIRA,12,7,UBS
188,6415415,AMA ESPECIALIDADES VILA CONSTANCIA - DR VICENTE OCTAVIO GUID,12,7,AMA E
189,9950931,HOSPITAL DIA SANTO AMARO,12,7,AMB ESPEC
190,5313902,UBS BRASILIA - M BOI,10,8,UBS
191,4049810,UBS VILA DAS BELEZAS - ALBERTO AMBROSIO,10,8,UBS
192,4050053,UBS CHACARA SANTANA,10,8,UBS
193,4050185,AMA/UBS JARDIM ALFREDO,10,8,UBS
194,4049861,UBS JARDIM SOUZA,10,8,UBS
195,3661741,UBS NOVO CAMINHO,10,8,UBS
196,2815451,AMA/UBS PARQUE FIGUEIRA GRANDE,10,8,UBS
197,4493516,UBS PARQUE SANTO ANTONIO II,10,8,UBS
198,4493532,UBS CAJU,34,2,UBS
199,2788454,AMA/UBS PARQUE SANTO ANTONIO,10,8,UBS
200,4050118,UBS JARDIM THOMAS,10,8,UBS
201,2788160,UBS NOVO JARDIM,10,8,UBS
202,2815273,UBS ZUMBI DOS PALMARES,10,8,UBS
203,5079454,UBS JARDIM CELESTE,10,8,UBS
204,9051422,UPA 26 DE AGOSTO,28,9,UPA
205,6136028,HOSP DIA DA RHC ITAIM PAULISTA,27,9,HOSPITAL DIA
206,4050177,AMA/UBS INTEGRADA CASTRO ALVES,24,9,UBS
207,2027305,UBS PROFETA JEREMIAS,24,9,UBS
208,2786974,UBS DOM ANGELICO,24,9,UBS
209,2787059,UBS FERROVIARIOS,24,9,UBS
210,2787075,UBS GLEBA DO PESSEGO - VICENTE FIUZA DA COSTA,28,9,UBS
211,2787849,UBS JARDIM SILVA TELLES,27,9,UBS
212,2788624,UBS SANTA LUZIA,26,9,UBS
213,2789310,UBS VILA COSMOPOLITA,26,9,UBS
214,3002926,UBS PREFEITO CELSO AUGUSTO DANIEL,26,9,UBS
215,3121135,UBS GRAFICOS,24,9,UBS
216,3661660,UBS INACIO MONTEIRO,24,9,UBS
217,4050045,UBS JARDIM SOARES,26,9,UBS
218,2057131,UBS CIDADE KEMEL,27,9,UBS
219,2086808,UBS JARDIM SANTA MARIA,28,9,UBS
220,2786982,UBS DOM JOAO NERY,27,9,UBS
221,2787431,UBS JARDIM HELIAN,28,9,UBS
222,2787970,UBS JARAGUA,27,9,UBS
223,2787989,UBS JARDIM INDAIA,27,9,UBS
224,2788209,UBS NITRO OPERARIA- PAULO FELDMAN,30,9,UBS
225,2788608,UBS SANTA INES,30,9,UBS
226,2788659,UBS DR. THERSIO VENTURA,30,9,UBS
227,2819856,UBS UNIAO DE VILA NOVA,30,9,UBS
228,3004341,UBS SANTO ESTEVAO - CARMOSINA,28,9,UBS
229,4050126,UBS VILA RAMOS - DR. LUIS AUGUSTO DE CAMPOS,28,9,UBS
230,4050134,UBS JARDIM NOSSA SENHORA DO CARMO,28,9,UBS
231,4050215,UBS VILA SANTANA,28,9,UBS
232,6269567,UBS DR ATUALPA GIRAO RABELO,27,9,UBS
233,9632387,UBS JARDIM SAO CARLOS - SAO MIGUEL,30,9,UBS
234,2788802,UBS VILA CURUCA,27,9,UBS
235,2787725,UBS JARDIM ROBRU MESSIAS JOSE DA SILVA,27,9,UBS
236,2787865,UBS JARDIM SANTA TEREZINHA,28,9,UBS
237,2787202,UBS JARDIM AURORA,26,9,UBS
238,2027526,AMA/UBS INTEGRADA JD NELIA,27,9,UBS
239,2787334,UBS JARDIM DAS CAMELIAS,30,9,UBS
240,2788446,UBS PARQUE SANTA RITA,27,9,UBS
241,2046962,UBS CIDADE PEDRO JOSE NUNES,30,9,UBS
242,3016935,UBS JARDIM BANDEIRANTES,26,9,UBS
243,2766019,UBS PRIMEIRO DE OUTUBRO,26,9,UBS
244,2787385,UBS JARDIM FANGANIELLO,26,9,UBS
245,2062658,UBS JARDIM MAIA,30,9,UBS
246,2786915,UBS CIDADE NOVA SAO MIGUEL,30,9,UBS
247,2786907,AMA/UBS INTEGRADA CIDADE LIDER I,28,9,UBS
248,9618694,UBS NASCER DO SOL,24,9,UBS
249,812226,UPA TIRADENTES,24,9,UPA
250,9736700,UPA TITO LOPES,30,9,UPA
251,3323331,UBS/ESF JARDIM DAS PEDRAS,22,10,UBS
252,2071495,PS MUN SANTANA-LAURO RIBAS BRAGA,22,10,PSM
253,2787172,UBS JARDIM APUANA - JOAO KOCH,22,10,UBS
254,9339833,UBS JOVA RURAL,22,10,UBS
255,9997091,UPA JACANA,22,10,UPA
256,5621267,UBS JARDIM FLOR DE MAIO,22,10,UBS
257,2787520,AMA/UBS INTEGRADA JARDIM JOAMAR,22,10,UBS
258,9698892,NIR JACANA,22,10,NIR
259,2787962,UBS JACANA - DR. SEBASTIAO GABRIEL SAYAGO DE LAET,22,10,UBS
260,2788306,UBS PARQUE EDU CHAVES,22,10,UBS
261,2789108,UBS VILA NOVA GALVAO - SONIA REGINA CAMPANELI,22,10,UBS
262,2042541,UBS DR. JOSE TOLEDO PIZA,22,10,UBS
263,2027674,UBS VILA NIVI,22,10,UBS
264,2027275,UBS VILA ALBERTINA - DR OSVALDO MARCAL,22,10,UBS
265,2027690,UBS DONA MARIQUINHA SCIASCIA,22,10,UBS
266,4049985,AMA/UBS INTEGRADA WAMBERTO DIAS DA COSTA,22,10,UBS
267,2027631,UBS JOAQUIM ANTONIO EIRADO,22,10,UBS
268,6592899,AMA/UBS INTEGRADA VILA SILVIA,15,11,UBS
269,6194990,AMA/UBS INTEGRADA CHACARA CRUZEIRO DO SUL - ZELIA L M DORO,15,11,UBS
270,2786729,UBS AE CARVALHO,15,11,UBS
271,2786753,UBS DR. ANTONIO PIRES FERREIRA VILLALOBO,15,11,UBS
272,2752220,UBS ENG GOULART- DR JOSE PIRES,15,11,UBS
273,7270941,UBS JARDIM MARINGA - VILA TALARICO,15,11,UBS
274,2787776,UBS JARDIM SÃO FRANCISCO I,15,11,UBS
275,2787806,UBS JARDIM SAO NICOLAU,15,11,UBS
276,2788926,UBS VILA GRANADA-ALFREDO F PAULINO FILHO,15,11,UBS
277,2788969,UBS VILA GUILHERMINA - DR AMERICO RASPA NETO,15,11,UBS
278,2065266,UBS ERMELINO MATARAZZO,25,11,UBS
279,2079070,UBS VILA CISPER,25,11,UBS
280,2786958,UBS COSTA MELO,25,11,UBS
281,9971513,UPA ERMELINO MATARAZZO,25,11,UPA
282,7642008,CER IV FLAVIO GIANNOTTI,14,12,CER
283,7975473,CEO III SAO MIGUEL,30,12,CEO
284,2789132,UBS VILA OLIMPIA-MAX PERLMAN,16,12,UBS
285,2786680,HOSP MUN CAMPO LIMPO-FERNANDO MAURO P DA ROCHA,10,12,HOSP MUNICIPAL
286,7987846,CEO II IPIRANGA,14,12,CEO
287,9188177,UBS HELIOPOLIS,14,13,UBS
288,5479517,UBS JOAQUIM ROSSINI VILA CARIOCA DR MOACIR PARRA,14,13,UBS
289,2788195,AMA/UBS INTEGRADA PARI,13,13,UBS
290,2752174,UBS BELENZINHO - MARCUS WOLOSKER,13,13,UBS
291,2752182,UBS BRAS - MANOEL SALDIVA NETO,13,13,UBS
292,2787490,UBS JARDIM IVA,13,13,UBS
293,2788942,UBS VILA GUARANI,13,13,UBS
294,2752360,UBS VILA NOVA MANCHESTER - ARLINDO GENNARI,13,13,UBS
295,2789124,UBS VILA NOVA YORK,13,13,UBS
296,2788896,UBS VILA FORMOSA II,13,13,UBS
297,2788020,UBS FAZENDA DA JUTA II,17,13,UBS
298,2752263,UBS JARDIM GUAIRACA,17,13,UBS
299,5120780,UBS JARDIM LOURDES,16,13,UBS
300,2074079,UBS TEOTONIO VILELA,17,13,UBS
301,6165516,UBS VILA CAMPESTRE,16,13,UBS
302,7136617,UBS VILA CANAA,16,13,UBS
303,9624988,UBS VILA EMA - DR. FUAD KASSAB,17,13,UBS
304,3359131,UBS VILA PRUDENTE,17,13,UBS
305,4050401,UBS VILA REUNIDAS I,17,13,UBS
306,2046997,UBS VILA SANTA CATARINA,16,13,UBS
307,2030969,AMA/UBS INTEGRADA AMERICANOPOLIS,16,13,UBS
308,2786966,AMA/UBS INTEGRADA CUPECE -WALDOMIRO PREGNOLATTO,16,13,UBS
309,2787040,UBS FAZENDA DA JUTA I,17,13,UBS
310,2043009,AMA/UBS INTEGRADA HUMBERTO GASTAO BODRA,17,13,UBS
311,2787121,UBS IGUACU,17,13,UBS
312,2788438,UBS JARDIM PLANALTO - IACAPE,17,13,UBS
313,2787822,UBS JARDIM SAPOPEMBA,17,13,UBS
314,2788497,UBS REUNIDAS II,17,13,UBS
315,2789221,UBS VILA RENATO,17,13,UBS
316,2042932,AMA/UBS INTEGRADA JARDIM GRIMALDI,17,13,UBS
317,4050398,UBS PASTORAL,17,13,UBS
318,2788411,UBS SANTA MADALENA,17,13,UBS
319,2752166,AMA/UBS INTEGRADA AGUA RASA,13,13,UBS
320,2752379,AMA/UBS INTEGRADA VILA ORATORIO - TITO PEDRO MASCELANI,13,13,UBS
321,2752344,UBS VILA BERTIOGA - DOMINGOS DELASCIO / CEO MOOCA,13,13,UBS
322,2752387,UBS VILA SANTO ESTEVAO - DR WOADY JORGE KALIL,13,13,UBS
323,2030934,UBS CIDADE VARGAS,16,13,UBS
324,2787830,UBS JARDIM SECKLER,14,13,UBS
325,2788519,UBS SACOMA,14,13,UBS
326,2787091,UBS JARDIM DOS EUCALIPTOS - HELIO MOREIRA SALLES,17,13,UBS
327,2787857,UBS JARDIM SINHA,17,13,UBS
328,2043017,UBS MASCARENHAS DE MORAES,17,13,UBS
329,9423206,UBS PRO MORAR,17,13,UBS
330,2057891,UBS PARQUE SAO LUCAS,17,13,UBS
331,2752239,AMA/UBS INTEGRADA JD INDEPENDENCIA-HERMENEGILDO MORBIM JR,17,13,UBS
332,2026988,AMA/UBS INTEGRADA VILA CALIFORNIA - ZEILIVAL BRUSCAGIN,17,13,UBS
333,2045451,UBS VILA ALPINA - DR. HERMINIO MOREIRA,17,13,UBS
334,2026961,UBS VILA HELOISA (SAPOPEMBA),17,13,UBS
335,2788764,UBS VILA BORGES,33,14,UBS
336,2788810,UBS VILA DALVA - ENG. GUILHERME H. PINTO COELHO,33,14,UBS
337,2068109,UBS VILA LEONOR,23,14,UBS
338,7407629,UBS JARDIM JULIETA,23,14,UBS
339,2075202,AMA/UBS INTEGRADA JARDIM BRASIL,23,14,UBS
340,2788993,UBS VILA IZOLINA MAZZEI,23,14,UBS
341,9282394,CEO II VILA MARIA/VILA GUILHERME,23,14,CEO
342,7766904,CER III CARANDIRU,23,14,CER
343,2789051,AMA/UBS INTEGRADA VILA MEDEIROS,23,14,UBS
344,2787784,AMA/UBS INTEGRADA JARDIM SAO JORGE,33,14,UBS
345,2787210,UBS JARDIM BOA VISTA,33,14,UBS
346,2789256,AMA/UBS INTEGRADA VILA SONIA,33,14,UBS
347,7672578,UBS SAO REMO,33,14,UBS
348,2787326,UBS JARDIM D ABRIL,33,14,UBS
349,2788470,UBS REAL PARQUE - DR PAULO MANGABEIRA ALBERNAZ FILHO,33,14,UBS
350,2788349,UBS PARQUE NOVO MUNDO I,23,14,UBS
351,2788357,UBS PARQUE NOVO MUNDO II,23,14,UBS
352,2788217,AMA/UBS INTEGRADA PAULO VI,33,14,UBS
353,2787512,UBS JARDIM JAQUELINE,33,14,UBS
354,9186492,UBS JARDIM COLOMBO,33,14,UBS
355,7979649,HOSP DIA DA RHC VILA GUILHERME/VILA MARIA,23,14,HOSPITAL DIA
356,2788004,UBS JOSE MARCILIO MALTA CARDOSO,33,14,UBS
357,2788845,UBS VILA EDE,23,14,UBS
358,2068079,UBS CARANDIRU,23,14,UBS
359,2788950,AMA/UBS INTEGRADA VILA GUILHERME,23,14,UBS
360,2787504,UBS JARDIM JAPAO,23,14,UBS
361,2788543,AMA/UBS INTEGRADA SAO VICENTE DE PAULA,14,13,UBS
362,2751860,HOSP DIA DA RHC IPIRANGA - FLAVIO GIANNOTTI,14,13,HOSPITAL DIA
363,3469042,UBS SANTO ELIAS,21,13,UBS
364,2788136,UBS MOINHO VELHO I,21,13,UBS
365,2091526,UBS SANTA CRUZ,16,13,UBS
366,2788667,UBS UNIAO DAS VILAS DE TAIPAS,21,13,UBS
367,3651770,UBS JARDIM ROSINHA,20,13,UBS
368,3105504,UBS RECANTO DOS HUMILDES,20,13,UBS
369,2789183,UBS VILA PIRITUBA I,21,13,UBS
370,2788284,AMA/UBS INTEGRADA PARQUE BRISTOL,14,13,UBS
371,2064855,UBS AGUA FUNDA,14,13,UBS
372,3385264,UBS ALMIRANTE DELAMARE,14,13,UBS
373,2042983,UBS DR. EDUARDO ROMANO RESCHILIAN,14,13,UBS
374,3651762,UBS MORRO DOCE,20,13,UBS
375,6377742,UBS VILA CAIUBA,20,13,UBS
376,3738604,AMA/UBS INTEGRADA PARQUE MARIA DOMITILA,21,13,UBS
377,3738582,AMA/UBS INTEGRADA CITY JARAGUA,21,13,UBS
378,2787679,AMA/UBS INTEGRADA JARDIM PAULISTANO,19,2,UBS
379,2786761,UBS AUGUSTO LEOPOLDO AYROSA GALVAO,19,2,UBS
380,2789159,UBS FATIMA DE JESUS VIANA ROSA (VILA PENTEADO),19,2,UBS
381,2787466,UBS JARDIM ICARAI-BRASILANDIA,19,2,UBS
382,2787946,UBS JARDIM VISTA ALEGRE,19,2,UBS
383,2789264,UBS VILA TEREZINHA,19,2,UBS
384,2787148,UBS DRA ILZA WELTMAN HUTZLER,18,2,UBS
385,2787555,AMA/UBS INTEGRADA JARDIM LADEIRA ROSA,19,2,UBS
386,2789140,AMA/UBS INTEGRADA V PALMEIRAS,19,2,UBS
387,2786575,CAPS II ADULTO - BRASILANDIA,19,2,CAPS ADULTO
388,6668127,CAPS III AD FO BRASILANDIA,19,2,CAPS AD
389,6330843,CAPS INFANTIL II FREGUESIA/BRASILANDIA,19,2,CAPS IJ
390,2789213,UBS VILA PROGRESSO - JD MONTE ALEGRE,19,2,UBS
391,6148336,AMA ESPECIALIDADES PARQUE PERUCHE,18,2,AMA E
392,6148344,UPA III JARDIM PERI,18,2,UPA
393,6148387,CAPS AD CACHOEIRINHA,18,2,CAPS AD
394,6280161,CAPS II CASA VERDE,18,2,CAPS ADULTO
395,6700268,CAPSIJ NISE DA SILVEIRA,18,2,CAPS IJ
396,2027682,UBS CASA VERDE,18,2,UBS
397,2786710,UBS DONA ADELAIDE LOPES,18,2,UBS
398,2787695,UBS JARDIM PERI,18,2,UBS
399,2788373,UBS PARQUE PERUCHE,18,2,UBS
400,2091712,UBS/AE/NISA DR. WALTER ELIAS,18,2,UBS
401,9010238,CEO CASA VERDE,18,2,CEO
402,2027461,UBS PARQUE DA LAPA,34,2,UBS
403,2788675,UBS VILA ANASTACIO,34,2,UBS
404,2027380,UBS MENINOPOLIS MARIO FRANCISCO NAPOLITANO,34,2,UBS
405,6998208,AMA SOROCABANA,34,2,AMA_24h
406,9691553,CAPS AD III LEOPOLDINA,34,2,CAPS AD
407,2040808,CAPS II ADULTO - ITAIM BIBI,34,2,CAPS ADULTO
408,4050290,CAPS II ADULTO-LAPA,34,2,CAPS ADULTO
409,2082837,PS MUN DA LAPA-JOAO CATARIN MEZOMO,34,2,PSM
410,158100,HOSPITAL MUNICIPAL BRIGADEIRO,16,13,HOSP MUNICIPAL
411,2787369,UBS JARDIM ELIANE,9,2,UBS
412,2787253,AMA/UBS JARDIM CASTRO ALVES-DRA MARIA CRISTINA FARIA S CURY,9,2,UBS
413,2787903,UBS JARDIM TRES CORACOES,9,2,UBS
414,6360890,AMA ESPECIALIDADES JARDIM ICARAI,9,2,AMA E
415,2787474,AMA/UBS JARDIM ICARAI-QUINTANA,9,2,UBS
416,2751909,AMB ESPEC DR MILTON ALDRED,9,2,AMB ESPEC
417,7165072,CAPS ADULTO III CAPELA DO SOCORRO,9,2,CAPS ADULTO
418,9664815,CAPS ADULTO III GRAJAU,9,2,CAPS ADULTO
419,9685111,CAPS ALCOOL E DROGAS III GRAJAU,9,2,CAPS AD
420,6657184,CAPS INFANTIL II CAPELA DO SOCORRO,9,2,CAPS IJ
421,6683983,CAPS INFANTO JUVENIL II PARELHEIROS AQUARELA,11,2,CAPS IJ
422,7975465,CEO II CAPELA DO SOCORRO,9,2,CEO
423,5012600,CEO III PARELHEIROS - YVETTE RANZANI VIEGAS,11,2,CEO
424,6642470,CER II PARELHEIROS,11,2,CER
425,9844589,CER IV MILTON ALDRED,9,2,CER
426,7992890,HOSPITAL MUNICIPAL CAPELA DO SOCORRO,9,2,HOSP MUNICIPAL
427,2752093,PS MUN BALNEARIO SAO JOSE,11,2,PSM
428,997730,UPA DONA MARIA ANTONIETA FERREIRA DE BARROS,9,2,UPA
429,4049896,UBS ALCINA PIMENTEL PIZA,9,2,UBS
430,9072349,UBS AUTODROMO - DR FAUZER SIMAO ABRAO,9,2,UBS
431,6332420,UBS BARRAGEM,11,2,UBS
432,6280188,UBS CHACARA DO SOL,9,2,UBS
433,6090591,UBS CHACARA SANTO AMARO,9,2,UBS
434,6018939,UBS COLONIA,11,2,UBS
435,2786990,UBS DON LUCIANO BERGAMIM,11,2,UBS
436,2788551,UBS DR. SERGIO CHADDAD,9,2,UBS
437,2751887,UBS JARDIM CLIPER,9,2,UBS
438,6332439,UBS JARDIM DAS FONTES,11,2,UBS
439,6018912,UBS JARDIM EMBURA,11,2,UBS
440,9794751,UBS JARDIM LUCELIA,9,2,UBS
441,2787709,UBS JARDIM REPUBLICA,9,2,UBS
442,6332447,UBS JARDIM SANTA FE,11,2,UBS
443,2787814,UBS JARDIM SAO NORBERTO,11,2,UBS
444,6332463,UBS JARDIM SILVEIRA,11,2,UBS
445,2787997,UBS JORDANOPOLIS,9,2,UBS
446,6332471,UBS MARSILAC,11,2,UBS
447,6332498,UBS NOVA AMERICA,11,2,UBS
448,2789302,UBS VELEIROS,9,2,UBS
449,3561186,UBS VERA POTY,11,2,UBS
450,6332501,UBS VILA MARCELO,11,2,UBS
451,6332528,UBS VILA ROSCHEL,11,2,UBS
452,9129839,URSI CAPELA DO SOCORRO,9,2,URSI
453,9106316,UNIDADE ODONTOLOGICA OESTE/LAPA PINHEIROS,22,15,ODONTO MÓVEL
454,5695791,CAPS INFANTO JUVENIL III SAO MIGUEL,30,16,CAPS IJ
455,6879799,CAPS ADULTO III PARAISOPOLIS,8,5,CAPS ADULTO
456,7497857,CAPS ALCOOL E DROGAS III CAMPO LIMPO,8,5,CAPS AD
457,7497865,CAPS INFANTOJUVENIL II CAMPO LIMPO,8,5,CAPS IJ
458,2786931,UBS JARDIM DA CONQUISTA I,29,6,UBS
459,4049853,UBS PARQUE SAO RAFAEL - DRA. ORA ROSEN,29,6,UBS
460,2027038,UBS CIDADE SATELITE SANTA BARBARA,29,6,UBS
461,2027046,UBS JARDIM PARAGUACU - DR. GONCALO F ALVES,29,6,UBS
462,2752298,UBS JARDIM TIETE II,29,6,UBS
463,2787342,AMA/UBS INTEGRADA JARDIM DAS LARANJEIRAS,29,6,UBS
464,2787482,UBS JARDIM IV CENTENARIO,29,6,UBS
465,2787741,UBS JARDIM ROSELI,29,6,UBS
466,2787873,AMA/UBS INTEGRADA JARDIM SANTO ANDRE,29,6,UBS
467,2788152,UBS JARDIM NOVE DE JULHO,29,6,UBS
468,2788276,UBS PARQUE BOA ESPERANCA,29,6,UBS
469,2788535,UBS SAO MATEUS - NAIR ALVES DE REZENDE NORIMBENI,29,6,UBS
470,7393822,CER II JARDIM TIETE I,29,6,CER
471,2075423,PRONTO ATENDIMENTO MUNICIPAL SAO MATEUS II,29,6,PA
472,7889844,SAD DE SAO MATEUS,29,6,SAD
473,4050037,UBS JARDIM COLORADO-DR. JOSE PIRES,29,6,UBS
474,4050061,UBS JARDIM RIO CLARO,29,6,UBS
475,2091348,CS ESCOLA SAMUEL B. PESSOA - SES,33,17,CS ESCOLA
476,2751925,HOSPITAL DIA REDE CIDADE ADEMAR,12,7,HOSPITAL DIA
477,6133460,UPA PEDREIRA - DR. CESAR ANTUNES DA ROCHA,12,7,UPA
478,2752107,UPA SANTO AMARO - DR. JOSE SYLVIO DE CAMARGO,12,7,UPA
479,5599881,URSI CIDADE ADEMAR,12,7,URSI
480,2787601,AMA/UBS JARDIM MIRIAM-MANOEL SOARES DE OLIVEIRA,12,7,UBS
481,2788292,AMA/UBS PQ DOROTEIA,12,7,UBS
482,5731143,AMA/UBS VILA IMPERIO,12,7,UBS
483,2789078,AMA/UBS VILA MISSIONARIA,12,7,UBS
484,3452689,UBS CAMPO GRANDE,12,7,UBS
485,4410750,UBS JARDIM ANTARTICA,18,2,UBS
486,2765993,UBS CHACARA SANTO ANTONIO,12,7,UBS
487,2787156,UBS JARDIM AEROPORTO-MASSAKI UDIHARA,12,7,UBS
488,2787911,UBS JARDIM UMUARAMA,12,7,UBS
489,2788640,UBS SANTO AMARO - DR. SERGIO VILLACA BRAGA,12,7,UBS
490,2788748,UBS VILA ARRIETE - DECIO PACHECO PEDROSO,12,7,UBS
491,2788799,UBS VILA CONSTANCIA-DR. VICENTE OCTAVIO GUIDA,12,7,UBS
492,4049837,CAPS INFANTO JUVENIL II SANTO AMARO,12,7,CAPS IJ
493,6646581,CAPS INFANTOJUVENIL II CIDADE ADEMAR,12,7,CAPS IJ
494,2786621,CEO II / LRPD DR.HUMBERTO NASTARI,12,7,CEO
495,7706332,CER III CIDADE ADEMAR,12,7,CER
496,5608678,CAPS AD III CAPELA DO SOCORRO,9,18,CAPS AD
497,3025012,CAPS AD III DE SAO MATEUS - LIBERDADE DE ESCOLHA,29,19,CAPS AD
498,2069148,CAPS ADULTO III DE SAO MATEUS,29,19,CAPS ADULTO
499,5878675,CAPS ALCOOL E DROGAS III ITAQUERA,28,19,CAPS AD
500,7024231,CAPS III AD SAO MIGUEL,30,19,CAPS AD
501,2091429,CAPS II ALCOOL E DROGAS V. MADALENA - PROSAM,34,20,CAPS AD
502,3763072,CAPS INFANTIL II VILA MARIANA - QUIXOTE,16,21,CAPS IJ
503,3913007,CS ESCOLA BARRA FUNDA - ALEXANDRE VRANJAC,31,22,CR ESCOLA
504,2787733,UBS JD ROMANO,30,9,UBS
505,6873286,UBS JARDIM LAPENNA,30,9,UBS
506,9459065,UBS TRES PONTES,30,9,UBS
507,6394558,AMA ESPECIALIDADES ITAQUERA,28,9,AMA E
508,2751976,HOSP DIA DA RHC SAO MIGUEL - TITO LOPES,30,9,HOSPITAL DIA
509,4050312,AE JARDIM SAO CARLOS,26,9,AMB ESPEC
510,3044750,UBS SÃO CARLOS - GUAIANASES,26,9,UBS
511,4050207,UBS VILA NOVA CURUCA,27,9,UBS
512,4050142,AMA/UBS INTEGRADA JOSE BONIFACIO III - LUCY MAYUMI UDAKIRI,28,9,UBS
513,7389760,CER II JARDIM CAMPOS,27,9,CER
514,7642016,CER IV SAO MIGUEL,30,9,CER
515,7739834,CER II GUAIANASES,26,9,CER
516,7403496,CER II JD CAMARGO NOVO,27,9,CER
517,2069032,UPA JULIO TUPY,26,9,UPA
518,3738663,AMA/UBS INTEGRADA FAZENDA DO CARMO,24,9,UBS
519,2026996,AMA/UBS INTEGRADA JOSE BONIFACIO I,28,9,UBS
520,6416691,CAPS AD II GUAIANASES,26,9,CAPS AD
521,3314359,CAPS AD II J NELIA,27,9,CAPS AD
522,3003167,CAPS ADULTO II GUAIANASES - ARTUR BISPO DO ROSARIO,26,9,CAPS ADULTO
523,6879802,CAPS II ADULTO CIDADE TIRADENTES,24,9,CAPS ADULTO
524,6954197,CAPS INFANTO JUVENIL GUAIANASES COLORIDAMENTE,26,9,CAPS IJ
525,6954189,CAPS INFANTO JUVENIL II CIDADE LIDER,28,9,CAPS IJ
526,277665,CAPS INFANTOJUVENIL II CIDADE TIRADENTES,24,9,CAPS IJ
527,9831061,CER JARDIM SOARES,26,9,CER
528,2040727,UPA DR ATUALPA GIRAO RABELO,27,9,UPA
529,2069040,PA MUN GLORIA RODRIGUES SANTOS BONFIM,24,9,PA
530,2057271,UBS JARDIM CAMARGO NOVO,27,9,UBS
531,2091798,AMA/UBS INTEGRADA SITIO DA CASA PINTADA,30,9,UBS
532,2752271,AMA/UBS INTEGRADA VL ITAPEMA,28,9,UBS
533,2774771,UBS CIDADE TIRADENTES - LUIS MARANHAO,24,9,UBS
534,2786788,UBS BARRO BRANCO,24,9,UBS
535,2787350,AMA/UBS INTEGRADA JD DAS OLIVEIRAS,27,9,UBS
536,2787377,UBS JARDIM ETELVINA,26,9,UBS
537,2787717,UBS JARDIM ROBRU - GUAIANAZES,26,9,UBS
538,6135978,AMA PRESIDENTE JUSCELINO KUBITSCHEK,26,9,AMA_12h
539,2787954,UBS JARDIM VITORIA,24,9,UBS
540,5725437,CAPS ADULTO II ITAIM PAULISTA,27,9,CAPS ADULTO
541,7128924,CAPS INFANTO JUVENIL II ITAIM PAULISTA,27,9,CAPS IJ
542,4050304,CAPS INFANTO JUVENIL II ITAQUERA,28,9,CAPS IJ
543,5468094,CER II CIDADE TIRADENTES,24,9,CER
544,2788179,AMA/UBS INTEGRADA PARADA XV DE NOVEMBRO,28,9,UBS
545,2788772,AMA/UBS INTEGRADA VL CARMOSINA,28,9,UBS
546,3008681,CASA SER MARIA AUXILIADORA LARA BARCELOS,24,9,CASA SER
547,2788780,UBS VILA CHABILANDIA,26,9,UBS
548,4049934,AMA/UBS INTEGRADA JARDIM HELENA,30,9,UBS
549,4049950,UBS JOSE BONIFACIO II,28,9,UBS
550,4049969,UBS PREFEITO PRESTES MAIA,24,9,UBS
551,4050088,AMA/UBS INTEGRADA JARDIM BRASILIA,28,9,UBS
552,4050347,UBS CARLOS GENTILE DE MELLO,24,9,UBS
553,6283616,AMA/UBS INTEGRADA PARQUE PAULISTANO,30,9,UBS
554,6408168,AMA/UBS INTEGRADA AGUIA DE HAIA,28,9,UBS
555,9460551,UBS/URSI CONJUNTO AE CARVALHO,28,9,UBS
556,9488413,UBS ENCOSTA NORTE,27,9,UBS
557,2091720,UBS JARDIM FONTALIS,22,10,UBS
558,2788047,AMA/UBS INTEGRADA LAUZANE PAULISTA,22,10,UBS
559,2788012,UBS CONJ IPESP,22,10,UBS
560,2068044,UBS HORTO FLORESTAL,22,10,UBS
561,2752212,UBS VILA AURORA - DR DOMINGOS MAZZONETO DE CILO,22,10,UBS
562,6336302,CAPS AD III SANTANA,22,10,CAPS AD
563,2068133,CAPS ADULTO II DR LEONIDIO GALVAO DOS SANTOS,22,10,CAPS ADULTO
564,2070804,CAPS ADULTO III MANDAQUI,22,10,CAPS ADULTO
565,2027658,CAPS III INFANTIL - SANTANA,22,10,CAPS IJ
566,7798903,CER II TUCURUVI,22,10,CER
567,9280227,URSI SANTANA/JACANA,22,10,URSI
568,2064820,UBS PONTE RASA - DR CARLOS OLIVALDO DE SOUZA LOPES MUNIZ,25,11,UBS
569,4050002,UBS MANGABEIRA - DR PEDRO DE SOUZA CAMPOS,25,11,UBS
570,2752190,UBS BURGO PAULISTA,25,11,UBS
571,2752247,AMA/UBS INTEGRADA HUMBERTO CERRUTI,25,11,UBS
572,2774828,AMA/UBS INTEGRADA J TRES MARIAS MAURICIO ZAMIJOVSKY,25,11,UBS
573,2787547,UBS JARDIM KERALUX,25,11,UBS
574,2787687,UBS JARDIM PENHA,25,11,UBS
575,6393608,AMA ESPECIALIDADES BURGO PAULISTA,25,11,AMA E
576,2786567,CAPS AD II ERMELINO MATARAZZO,25,11,CAPS AD
577,2751992,CAPS ADULTO II ERMELINO MATARAZZO,25,11,CAPS ADULTO
578,9678956,CAPS INFANTO JUVENIL II ERMELINO MATARAZZO,25,11,CAPS IJ
579,9831037,CER II ERMELINO MATARAZZO,25,11,CER
580,4049993,UBS JARDIM POPULAR - DR MATHEUS SANTAMARIA,25,11,UBS
581,6143180,AMA 24 HORAS ENG GOULART - JOSE PIRES,15,11,AMA_24h
582,2878259,UPA JARDIM ELISA MARIA I,19,2,UPA
583,5268125,AMA MAURICE PATE,15,11,AMA_12h
584,2752204,AMA/UBS INTEGRADA CANGAIBA - DR. CARLOS GENTILE DE MELLO,15,11,UBS
585,2042827,AMA JARDIM NORDESTE,15,11,AMA_24h
586,2027070,AMA/UBS INTEGRADA PADRE MANOEL DA NOBREGA,15,11,UBS
587,9688463,CAPS AD II CANGAIBA,15,11,CAPS AD
588,3304566,CAPS AD III PENHA,15,11,CAPS AD
589,2029626,CAPS ADULTO III-V MATILDE,15,11,CAPS ADULTO
590,6387640,CAPS INFANTIL II PENHA,15,11,CAPS IJ
591,7641974,CER III PENHA,15,11,CER
592,2751933,HOSP DIA DA RHC PENHA - DR MAURICE PATE,15,11,HOSPITAL DIA
593,2786923,UBS CIDADE PATRIARCA - DR HERMENEGILDO MORBIN JUNIOR,15,11,UBS
594,2787032,UBS ENG TRINDADE,15,11,UBS
595,4049926,UBS PE JOSE DE ANCHIETA,15,11,UBS
596,2788721,UBS VILA ARICANDUVA,15,11,UBS
597,2788861,UBS VILA ESPERANCA-CASSIO BITTENCOURT FILHO,15,11,UBS
598,2788888,UBS VILA ESPERANCA-EMILIO SANTIAGO DE OLIVEIRA,15,11,UBS
599,2789043,UBS VILA MATILDE - DR RUBENS DO VAL,15,11,UBS
600,2751984,AE TUCURUVI - PROF ARMANDO DE AGUIAR PUPO,22,12,AMB ESPEC
601,3548724,CECCO JACANA TREMEMBE,22,12,CECCO
602,2752158,SAE DST/AIDS SANTANA - MARCOS LUTEMBERG,22,12,SAE DST/AIDS
603,2027666,UBS CHORA MENINO,22,12,UBS
604,2789035,UBS VILA MANGALOT,21,12,UBS
605,6670849,AE DE PIRITUBA,21,12,AMB ESPEC
606,7534876,CECCO JARAGUA,21,12,CECCO
607,7884419,CECCO PIRITUBA,21,12,CECCO
608,2027518,CECCO SAO DOMINGOS,21,12,CECCO
609,2752050,CTA EM DST AIDS - PIRITUBA,21,12,CTA DST/AIDS
610,2786885,UBS CHACARA INGLESA,21,12,UBS
611,3094340,AE DE PERUS,20,23,AMB ESPEC
612,3934535,CECCO PERUS,20,12,CECCO
613,9014721,CEO II FREGUESIA DO O / BRASILANDIA,19,12,CEO
614,2072270,CEO ALFREDO REIS VIEGAS - HUMAITA,32,12,CEO
615,2786664,CRST ANDRE GRABOIS,32,12,CRST
616,2752042,CTA HENFIL-HENRIQUE DE SOUZA FILHO,32,12,CTA DST/AIDS
617,2786702,SAE DST/AIDS CAMPOS ELISEOS,31,12,SAE DST/AIDS
618,256390,URSI CENTRO,31,12,URSI
619,2752255,UBS ITAQUERA,28,12,UBS
620,2027054,UBS JARDIM MARILIA,28,12,UBS
621,2046261,UBS ITAIM PAULISTA-DR.JULIO DE GOUVEIA,27,12,UBS
622,2751836,UBS VILA PARANAGUA,25,11,UBS
623,2787296,UBS JARDIM COLONIAL,29,12,UBS
624,2751895,AE JOSE BONIFACIO IV,28,12,AMB ESPEC
625,2789000,UBS VILA JACUI,30,12,UBS
626,2789094,UBS VILA NOSSA SENHORA APARECIDA,28,12,UBS
627,2067811,CAPS ADULTO II ITAQUERA,28,12,CAPS ADULTO
628,2752018,CAPS II ADULTO - SAO MIGUEL,30,12,CAPS ADULTO
629,2069059,CAPS INFANTO JUVENIL II SAO MATEUS,29,12,CAPS IJ
630,2027542,CECCO ERMELINO MATARAZZO,25,12,CECCO
631,9113118,CENTRO DE PRATICAS NATURAIS DE CIDADE TIRADENTES,24,12,PICS
632,5841666,CENTRO DE PRATICAS NATURAIS EM SAUDE GUAIANASES,26,12,PICS
633,9089772,CENTRO DE PRATICAS NATURAIS ERMELINO MATARAZZO PRIMAVERA,25,12,PICS
634,6357091,CRST DA LESTE,28,12,CRST
635,7979363,CEO II ERMELINO MATARAZZO,25,11,CEO
636,7975414,CEO II ITAQUERA,28,12,CEO
637,9831045,CER VILA NOSSA SENHORA APARECIDA,28,12,CER
638,7979371,COE ITAIM PAULISTA,27,12,COE
639,3826872,CR PLANTAS MEDICINAIS PRATICAS NATURAIS EM SAUDE DE S MATEUS,29,12,PICS
640,3009769,CTA CIDADE TIRADENTES,24,12,CTA DST/AIDS
641,7047568,CTA GUAIANASES,26,12,CTA DST/AIDS
642,2752069,CTA SAO MIGUEL,30,12,CTA DST/AIDS
643,3024652,CTA SERGIO AROUCA,27,12,CTA DST/AIDS
644,2752115,SAE DST/AIDS CIDADE LIDER II,28,12,SAE DST/AIDS
645,3219798,SAE DST/AIDS DE SAO MATEUS,29,12,SAE DST/AIDS
646,2752123,SAE DST/AIDS FIDELIS RIBEIRO,25,12,SAE DST/AIDS
647,4050029,UBS VILA REGINA,28,12,UBS
648,9070982,URSI SAO MATEUS,29,12,URSI
649,3010201,CAPS AD PINHEIROS,34,12,CAPS AD
650,2786516,CAPS I ADULTO - BUTANTA,33,12,CAPS ADULTO
651,4049845,CAPS II ADULTO-PERDIZES-MANOEL MUNHOZ,34,12,CAPS ADULTO
652,2027003,CAPS II INFANTIL-LAPA,34,2,CAPS IJ
653,9113088,CAPS INFANTO JUVENIL BUTANTA,33,12,CAPS IJ
654,9010211,CEO II BUTANTA,33,12,CEO
655,3257797,CEO LAPA,34,12,CEO
656,7954913,CER II BUTANTA,33,12,CER
657,2046377,CRST LAPA,34,12,CRST
658,2786648,SAE - PAULO CESAR BONFIM - SAE LAPA,34,12,SAE DST/AIDS
659,2786699,SAE DST/AIDS BUTANTA,33,12,SAE DST/AIDS
660,2751844,AE DR ALEXANDRE KALIL YASBEK - CECI,16,12,AMB ESPEC
661,2751917,AE MOOCA - DR ITALO DOMINGOS LE VOCCI,13,12,AMB ESPEC
662,2786524,CAPS I ADULTO-V PRUDENTE,17,12,CAPS ADULTO
663,2815427,CAPS II AD-JABAQUARA,16,12,CAPS AD
664,2042924,CAPS II AD-V MARIANA,16,12,CAPS AD
665,2042916,CAPS II INFANTIL - MOOCA,13,12,CAPS IJ
666,2815443,CAPS II INFANTIL-CRIA CASINHA JABAQUARA,16,12,CAPS IJ
667,3108368,CAPS IJ II IPIRANGA,14,12,CAPS IJ
668,9727485,CECCO IPIRANGA,14,23,CECCO
669,9026517,CEO II JABAQUARA,16,23,CEO
670,3382613,CEO II PENHA - DOUTOR WILSON FERREIRA DO VALLE,15,12,CEO
671,5380197,CEO II VISCONDE DE ITAUNA,14,12,CEO
672,9026525,CEO TIPO I VILA MARIANA,16,12,CEO
673,7736878,CER II VILA MARIANA,16,12,CER
674,7641982,CER II VILA PRUDENTE,17,23,CER
675,5375711,CLINICA ODONTO DR ADYR AMARAL GURGEL,16,12,CLIN ODONTO
676,2086794,CRST SUDESTE,13,12,CRST
677,7079648,SAE DST/AIDS CECI,16,12,SAE DST/AIDS
678,2774755,SAE DST/AIDS HERBERT DE SOUZA BETINHO,17,12,SAE DST/AIDS
679,2752131,SAE DST/AIDS IPIRANGA - DR. JOSE FRANCISCO DE ARAUJO,14,12,SAE DST/AIDS
680,2027313,SAE DST/AIDS PENHA,15,12,SAE DST/AIDS
681,7136625,SAE VILA PRUDENTE - SHIRLEI MARIOTTI GOMES COELHO,17,12,SAE DST/AIDS
682,2752328,UBS PARQUE ARTHUR ALVIM,15,12,UBS
683,2787598,UBS VILA GUMERCINDO-JANDIRA MASSUR,14,23,UBS
684,2787571,AE JARDIM MARCELO,8,12,AMB ESPEC
685,7975457,CEO II CAMPO LIMPO,8,12,CEO
686,9335560,CER III CAMPO LIMPO,8,12,CER
687,2069644,SAE DST/AIDS JARDIM MITSUTANI,8,12,SAE DST/AIDS
688,7311176,SAE DST/AIDS M BOI MIRIM,10,12,SAE DST/AIDS
689,5992842,CENTRO DE REFERENCIA A DOR CRONICA PQ MARIA HELENA,8,12,AMB ESPEC
690,757233,SAD SERVICO DE ATENCAO DOMICILIAR DO CAMPO LIMPO,8,12,SAD
691,2751968,AE SAPOPEMBA - CENTRO DE ESP. ODONTOLOGICO VP SAPOPEMBA,17,13,AMB ESPEC
692,6759998,AMA ESPECIALIDADES JARDIM GUAIRACA,17,13,AMA E
693,6357083,AMA ESPECIALIDADES VILA DAS MERCES,14,13,AMA E
694,6133622,AMA SACOMA,14,13,AMA_24h
695,5662699,UBS VILA MARIANA,16,13,UBS
696,6144055,AMA SAPOPEMBA - CEO VILA PRUDENTE,17,13,AMA_12h
697,2042991,AMA/UBS INTEGRADA GERALDO DA S FERREIRA / CEO JABAQUARA,16,13,UBS
698,2789086,AMA/UBS INTEGRADA V MORAES - JOAO P B VIEIRA,14,13,UBS
699,3708411,AMA/UBS INTEGRADA VILA CLARA,16,13,UBS
700,3313344,CAPS AD II MOOCA,13,13,CAPS AD
701,6586147,CAPS AD II SACOMA,14,13,CAPS AD
702,6393411,CAPS AD II SAPOPEMBA,17,13,CAPS AD
703,6245838,CAPS AD III HELIOPOLIS,14,13,CAPS AD
704,3025438,CAPS ADULTO II JABAQUARA,16,13,CAPS ADULTO
705,6924972,CAPS ADULTO II V MONUMENTO,14,13,CAPS ADULTO
706,466573,CAPS ADULTO III MOOCA,13,13,CAPS ADULTO
707,3384292,CAPS II ADULTO FORMOSA/ARICANDUVA,13,13,CAPS ADULTO
708,2815435,CAPS III ADULTO-SAPOPEMBA,17,13,CAPS ADULTO
709,6759971,CAPS INFANTIL II SAPOPEMBA,17,13,CAPS IJ
710,2029596,CAPS INFANTIL II VILA PRUDENTE,17,13,CAPS IJ
711,9788417,CAPS INFANTO JUVENIL III ARICANDUVA,13,13,CAPS IJ
712,9188150,CAPS INFANTO JUVENIL III HELIOPOLIS,14,13,CAPS IJ
713,481300,CR DOR CRONICA VILA MARIANA,16,13,CR Dor
714,7988141,CEO II VILA BERTIOGA,13,13,CEO
715,9021752,CEO II VILA CARRAO,13,13,CEO
716,7641990,CER III SAPOPEMBA,17,13,CER
717,6135749,HOSPITAL DIA DA REDE HORA CERTA MOOCA,13,13,HOSPITAL DIA
718,2751852,HOSPITAL DIA DA REDE HORA CERTA VILA PRUDENTE,17,13,HOSPITAL DIA
719,2047004,UBS AURELIO MELLONE - JARDIM SAO SAVERIO,14,13,UBS
720,2788578,UBS INDIANOPOLIS-SIGMUND FREUD,16,13,UBS
721,2042967,UBS JARDIM DA SAUDE-NEUSA ROSALIA MORALES,14,13,UBS
722,2788055,UBS LUIZ ERNESTO MAZZONI,14,13,UBS
723,2788101,UBS MILTON SANTOS,16,13,UBS
724,2788128,UBS MOINHO VELHO II,14,13,UBS
725,2788691,AMA/UBS INTEGRADA VILA ANTONIETA,13,13,UBS
726,2042975,UBS OSWALDO MARASCA JUNIOR,14,13,UBS
727,2788330,UBS PARQUE IMPERIAL - PROF MANOEL A S SARAGOCA,16,13,UBS
728,2788713,UBS VILA ARAPUA,14,13,UBS
729,2752352,AMA/UBS INTEGRADA VILA CARRAO - DR. ADHEMAR MONTEIRO PACHECO,13,13,UBS
730,2788829,UBS VILA DAS MERCES,14,13,UBS
731,2042258,UBS MOOCA I,13,13,UBS
732,4049799,UBS VILA FORMOSA - JOSE GONZALEZ,13,13,UBS
733,2788918,UBS VILA FORMOSA I - ANTONIO DA S E OLIVEIRA,13,13,UBS
734,873241,UPA TATUAPE,13,13,UPA
735,6626327,CAPS INFANTO JUVENIL II VILA MARIA/VILA GUILHERME DA VILA,23,14,CAPS IJ
736,2075407,PS MUN V MARIA BAIXA,23,14,PSM
737,2027720,UBS VILA MARIA - LUIZ PAULO GNECCO,23,14,UBS
738,2063670,UBS VILA SABRINA,23,14,UBS
739,2786826,UBS BUTANTA,33,14,UBS
740,6156959,AMA JARDIM PERI PERI,33,14,AMA_12h
741,9688455,CAPS AD III BUTANTA,33,14,CAPS AD
742,2027240,HOSP DIA DA RHC BUTANTA (AE PERI PERI),33,14,HOSPITAL DIA
743,2027100,PS MUN BANDEIRANTES - CAETANO VIRGILIO NETTO,33,14,PSM
744,2786877,UBS CAXINGUI - NANCI ABRANCHES,33,14,UBS
745,2788500,UBS RIO PEQUENO - DR PAULO DE BARROS FRANCA,33,14,UBS
746,9713816,URSI BUTANTA,33,14,URSI
747,9664831,CAPS INFANTO JUVENIL III CIDADE DUTRA,9,14,CAPS IJ
748,2787261,UBS JARDIM CIDADE PIRITUBA,21,13,UBS
749,2787024,AMA/UBS INTEGRADA ELISIO TEIXEIRA LEITE,21,13,UBS
750,9343148,UBS SEM TERRA,21,13,UBS
751,2787660,UBS JARDIM PANAMERICANO,21,13,UBS
752,3041530,AE SM PERUS CASA VIVA,20,13,CAPS ADULTO
753,6391893,AMA ESPECIALIDADES PERUS,20,13,AMA E
754,2788233,AMA/UBS INTEGRADA PARQUE ANHANGUERA,20,13,UBS
755,2788225,AMA/UBS INTEGRADA PERUS,20,13,UBS
756,6931979,CAPS INFANTIL II PERUS,20,13,CAPS IJ
757,2091739,UBS MORADA DO SOL,20,13,UBS
758,812226,UPA CIDADE TIRADENTES,24,9,UPA
759,4050169,UPA PERUS,20,13,UPA
760,9343121,UBS INTERATIVA,21,13,UBS
761,2789027,UBS VILA MAGGI,21,13,UBS
762,6391885,AMA ESPECIALIDADES VILA ZATT,21,13,AMA E
763,2788241,AMA/UBS INTEGRADA ANHANGUERA,21,13,UBS
764,2774801,AMA/UBS INTEGRADA JARDIM IPANEMA,21,13,UBS
765,2789167,AMA/UBS INTEGRADA VILA PEREIRA BARRETO,21,13,UBS
766,2766221,CAPS AD III PIRITUBA - CASA AZUL,21,13,CAPS AD
767,2786508,CAPS ADULTO III PIRITUBA/JARAGUA,21,13,CAPS ADULTO
768,7999100,CEO II PIRITUBA,21,13,CEO
769,5357861,UBS ALDEIA JARAGUA - KWARAY DJEKUPE,21,13,UBS
770,2091747,UBS ALPES DO JARAGUA,21,13,UBS
771,2787008,UBS DOMINGOS MANTELLI,21,13,UBS
772,7097778,UBS JARDIM RINCAO,21,13,UBS
773,2789272,UBS VILA ZATT,21,13,UBS
774,6146341,UPA PIRITUBA,21,13,UPA
775,852074,UPA CITY JARAGUA,21,13,UPA
776,2029189,UPA III 21 DE JUNHO,19,2,UPA
777,932507,CTA ITINERANTE DA CIDADE DE SÃO PAULO,32,2,CTA DST/AIDS
778,7646410,CER II LAPA,34,2,CER
779,6365825,EMAD CAPELA DO SOCORRO,9,2,SAD
780,953709,CAPS AD III PARAISOPOLIS,33,2,CAPS AD
781,974730,UPA PARELHEIROS,11,2,UPA
782,9643478,ONIBUS DE ODONTO DA CRS CENTRO,32,15,ODONTO MÓVEL
783,505641,UNIDADE ODONTOLOGICA MOVEL LESTE,26,15,ODONTO MÓVEL
784,9106294,UNIDADE ODONTOLOGICA MOVEL OESTE,34,15,ODONTO MÓVEL
785,9106308,UNIDADE ODONTOLOGICA MOVEL - SUDESTE,14,15,ODONTO MÓVEL
786,448923,UNIDADE ODONTOLOGICA MOVEL SUL,9,15,ODONTO MÓVEL
787,7711980,HOSP MUNICIPAL GILSON DE CASSIA M. DE CARVALHO,16,5,HOSP MUNICIPAL
788,7479387,UPA CAMPO LIMPO DR FERNANDO PRO,10,5,UPA
789,3219887,UBS CDHU PALANQUE,29,6,UBS
790,2752077,HOSP SERVIDOR PÚBLICO MUNICIPAL - HSPM,32,24,HOSP AUTARQUIA HSPM
791,102105,HOSPITAL MUNICIPAL BRASILANDIA,19,25,HOSP MUNICIPAL
792,6703607,ASSISTENCIA DOMICILIAR CIDADE ADEMAR,12,7,SAD
793,466956,CAPS AD II CIDADE ADEMAR,12,7,CAPS AD
794,5731194,CAPS ADULTO II CIDADE ADEMAR,12,7,CAPS ADULTO
795,161438,HOSPITAL MUNICIPAL GUARAPIRANGA,10,7,HOSP MUNICIPAL
796,3906388,CAPS ADULTO III M BOI MIRIM,10,18,CAPS ADULTO
797,6066585,CAPS ADULTO III PARELHEIROS,11,18,CAPS ADULTO
798,6133525,AMA JARDIM SAO LUIZ,10,8,AMA_12h
799,9684093,CAPS AD III JARDIM SAO LUIZ,10,8,CAPS AD
800,6415431,SAD M BOI MIRIM,10,8,SAD
801,2076896,HOSP MUNICIPAL SÃO LUIZ GONZAGA,22,22,HOSP MUNICIPAL
802,2787237,UBS JARDIM CAMPOS,27,9,UBS
803,7975449,CEO II GUAIANASES,26,9,CEO
804,2075016,UBS VILA PROGRESSO,30,9,UBS
805,2774798,UBS JARDIM COPA - MATHILDE DE AQUINO DINIZ,28,9,UBS
806,7975430,CEO II CIDADE TIRADENTES,24,9,CEO
807,4049942,UBS JARDIM SAO PEDRO - FRANCISCO ANTONIO CESARONI,28,9,UBS
808,4050010,UBS GUAIANASES II,26,9,UBS
809,5420938,HOSP MUNICIPAL CIDADE TIRADENTES - CARMEN PRUDENTE,24,9,HOSP MUNICIPAL
810,2787083,UBS GUAIANAZES,26,9,UBS
811,9844597,CER PARQUE ARTHUR ALVIM,15,11,CER
812,2078325,HOSP MUNICIPAL INFANTIL MENINO JESUS,32,26,HOSP MUNICIPAL
813,7988176,CEO SANTANA,22,12,CEO
814,2079186,HOSP MUN CACHOEIRINHA MARIO DE MORAES ALTENFELDER SILVA,18,12,HOSP MUNICIPAL
815,2751879,AE FREGUESIA DO O,19,12,AMB ESPEC
816,2027232,CECCO FREGUESIA DO O,19,12,CECCO
817,6930980,CER FREGUESIA DO O BRASILANDIA,19,2,CER
818,2786672,CRST FREGUESIA DO O,19,12,CRST
819,2752026,SAE SERVICO DE ASSISTENCIA ESPECIALIZADA NOSSA SENHORA DO O,19,12,SAD
820,2787407,UBS JARDIM GUANABARA,19,12,UBS
821,2788071,UBS MARIA CECILIA F DONNANGELO,19,2,UBS
822,5924316,CECCO VILA MARIA/VILA GUILHERME - TROTE,23,12,CECCO
823,2077450,HOSP MUNICIPAL DR. JOSÉ SOARES HUNGRIA - PIRITUBA,21,12,HOSP MUNICIPAL
824,5457963,UNIDADE DE DIAGNÓSTICO POR IMAGEM - SÉ,32,12,CDI
825,3475182,UNIDADE DE MEDICINAS TRADICIONAIS - CENTRO,32,12,PICS
826,2027437,CECCO PARQUE ECOLOGICO CHICO MENDES,27,12,CECCO
827,3010961,CECCO PARQUE RAUL SEIXAS,28,12,CECCO
828,2082829,HOSP MUNICIPAL PROF. ALÍPIO CORREA NETTO - ERMELINO MATARAZZO,25,12,HOSP MUNICIPAL
829,2077639,HOSP MUNICIPAL PROF. DR. WALDOMIRO DE PAULA - ITAQUERA/PLANALTO,28,12,HOSP MUNICIPAL
830,2080583,HOSP MUNICIPAL TIDE SETUBAL - SÃO MIGUEL,30,12,HOSP MUNICIPAL
831,2027534,CECCO EDUARDO LEITE BACURI,34,12,CECCO
832,2027410,CECCO PARQUE PREVIDENCIA,33,12,CECCO
833,2075717,HOSP MUNICIPAL PROF. MARIO DEGNI - JARDIM SARAH,33,12,HOSP MUNICIPAL
834,2786591,CECCO DE V PRUDENTE,17,12,CECCO
835,3004775,CECCO MOOCA,13,12,CECCO
836,2027402,CECCO PARQUE IBIRAPUERA,16,12,CECCO
837,2027445,CECCO PE MANOEL DA NOBREGA,15,12,CECCO
838,2786613,CECCO VILA GUARANI,16,12,CECCO
839,2786796,CRHMTPIS BOSQUE SAUDE,16,12,PICS
840,7045212,CTA DST/AIDS MOOCA,13,12,CTA DST/AIDS
841,2080788,HOSP MUNICIPAL DR. ALEXANDRE ZAIO - VILA NHOCUNÉ,15,12,HOSP MUNICIPAL
842,2081970,HOSP MUNICIPAL DR. ARTHUR RIBEIRO SABOYA - JABAQUARA,16,12,HOSP MUNICIPAL
843,2084139,HOSP MUNICIPAL DR. BENEDITO MONTENEGRO - JARDIM IVA,17,12,HOSP MUNICIPAL
844,2080346,HOSP MUNICIPAL DR. CARMINO CARICCHIO - TATUAPÉ,13,12,HOSP MUNICIPAL
845,2084473,HOSP MUNICIPAL DR. IGNÁCIO PROENÇA DE GOUVEA,13,12,HOSP MUNICIPAL
846,545694,URSI MOOCA,13,12,URSI
847,9653988,AE PARELHEIROS,11,12,AMB ESPEC
848,7534817,AMBULATORIO DE ESPECIALIDADES ALTO DA BOA VISTA,12,12,AMB ESPEC
849,6873278,ASSISTENCIA DOMICILIAR SANTO AMARO,12,12,SAD
850,2786559,CAPS AD II STO AMARO,12,12,CAPS AD
851,4049829,CAPS ADULTO III LARGO 13,12,12,CAPS ADULTO
852,3273997,CECCO CAMPO LIMPO,8,12,CECCO
853,2786605,CECCO GUARAPIRANGA,10,12,CECCO
854,2027453,CECCO INTERLAGOS,9,12,CECCO
855,2027267,CECCO SANTO DIAS,8,12,CECCO
856,2027283,CECCO STO AMARO,12,12,CECCO
857,9008438,CEO II M BOI MIRIM,10,12,CEO
858,7382413,CEO III ALTO DA BOA VISTA,12,12,CEO
859,6516998,CER III SANTO AMARO,12,12,CER
860,2752034,CRST SANTO AMARO,12,12,CRST
861,2027259,CTA SANTO AMARO,12,12,CTA DST/AIDS
862,4049802,SAE DST/AIDS CID DUTRA,9,12,SAE DST/AIDS
863,2786656,SAE DST/AIDS SANTO AMARO - DRA DENIZE DORNELAS DE OLIVEIRA,12,12,SAE DST/AIDS
864,6167403,URSI SANTO AMARO,12,12,URSI
865,6135951,AMA HOSPITAL WALDOMIRO DE PAULA,28,13,AMA Hosp 24h
866,3739503,CASA DO PARTO DE SAPOPEMBA,17,13,CENTRO DE PARTO
867,9021701,CEO II SAPOPEMBA,17,13,CEO
868,2027607,CER II TATUAPE - DR SALOMAO CROCHIK,13,13,CER
869,2037971,PS MUN AUGUSTO GOMES DE MATOS,14,13,PSM
870,466611,UPA MOOCA III DOM PAULO EVARISTO ARNS,13,13,UPA
871,9349898,UPA VILA MARIANA,16,13,UPA
872,7638698,UPA VILA SANTA CATARINA,16,5,UPA
873,873268,UPA JABAQUARA,16,13,UPA
874,3212130,HOSP MUNICIPAL VILA MARIA - VEREADOR JOSÉ STOROPOLLI,23,14,HOSP MUNICIPAL
875,9465464,HOSP MUN JOSANIAS CASTANHA BRAGA - PARELHEIROS,11,14,HOSP MUNICIPAL
876,9986898,UBS ELISA MARIA II,19,2,UBS
877,3044769,AMA 24 HORAS JARDIM HELENA,30,9,AMA_24h
878,2952149,CAPS ADULTO III JARDIM SÃO LUIZ,10,8,CAPS ADULTO
879,2952157,CAPS INFANTOJUVENIL III JARDIM SÃO LUIZ,10,8,CAPS IJ
880,4072928,CEO II CAPÃO REDONDO,8,3,CEO
881,4103947,CER II PERUS,20,13,CER
882,4076133,CER III PIRITUBA - LIBERATO RAGONHA,21,13,CER
883,2979497,CENTRO DE REFERENCIA DE DOR CRONICA - LESTE,30,9,CR Dor
884,3417794,CTA IST/AIDS JOSE ARAUJO LIMA FILHO,8,12,CTA IST/AIDS
885,4488318,AMA 24H PARQUE NOVO SANTO AMARO,10,3,AMA 24h
886,4493478,AMA 24H PARQUE FIGUEIRA GRANDE,10,8,AMA 24h
887,4639057,AMA 24H JOSE BONIFACIO - ITAQUERA,28,9,AMA 24h
888,4421906,AMA ESPECIALIDADES JARDIM EDITE,34,2,AMA E
889,4042077,CCO - CENTRO DE CUIDADOS ODONTOLÓGICOS,31,1,CCO
890,4693086,CENTRO DE CUIDADOS ODONTOLOGICOS - CCO NORTE,22,1,CCO
891,4508505,CENTRO DE EXAMES DA MULHER,28,9,CEM
892,4215818,CER III INTERLAGOS,9,2,CER
893,4223063,CER III MOEMA,16,13,CER
894,4042093,CENTRO DE REFERÊNCIA DA DOR CRÔNICA - BOM RETIRO,31,1,CR DOR CRÔNICA
895,4076125,CENTRO DE REFERÊNCIA DA DOR CRÔNICA - PIRITUBA,21,2,CR DOR CRÔNICA
896,4145925,CENTRO DE REFERÊNCIA DA DOR CRONICA - OESTE,34,2,CR DOR CRÔNICA
897,4042115,CENTRO REF DE SAÚDE INTEGRAL POPULAÇÃO DE TRAVESTIS E TRANSEXUAIS JANAINA LIMA - CR POP TT,31,1,CR POP TT
898,4466713,UBS SANTO DIAS,19,2,UBS
899,4677358,UBS JARDIM DAMASCENO,19,2,UBS
900,4590759,UBS KRUKUTU,11,2,UBS
901,4164997,ESTAÇÃO PREVENÇÃO JORGE BELOQUI,32,12,UNID PREV HIV
902,4091248,UPA CARRÃO - MASATAKA OTA,13,13,UPA
903,4234774,UPA PARQUE DOROTEIA,12,7,UPA
904,4488326,UBS PARQUE DOS BÚFALOS,12,7,UBS
905,4120558,CAPS INFANTOJUVENIL III PIRITUBA/JARAGUÁ,21,13,CAPS IJ
906,4510682,CCI LESTE PADRE ANTONIO LUIZ MARCHIONI PADRE TICAO,25,11,Cuid Cont Integ
907,4794214,SERVIÇO DE CUIDADOS PROLONGADOS DE ALCOOL E DROGAS - PIRITUBA,21,12,SCP - AD
908,4771311,UBS JARDIM REIMBERG - NAIR NUNES DA SILVA,9,2,UBS
909,4700449,UBS PARQUE DAS FLORES,29,6,UBS
910,4735684,URSI CONJUNTO AE CARVALHO,28,9,URSI
911,4771273,UBS JARDIM SAO BERNARDO,9,2,UBS
912,4434722,UPA RIO PEQUENO,33,14,UPA
913,2091321,CS ESCOLA GERALDO PAULA SOUZA,34,,CS ESCOLA